angle_deg,intensity
20.0,1.7549257855873597
20.03501750875438,-0.91137278111216
20.070035017508754,-2.131872865938699
20.105052526263133,1.2375253679363518
20.14007003501751,-0.01547641016120756
20.175087543771888,0.9252851013026776
20.210105052526263,1.836106231173047
20.245122561280642,0.7069125344629462
20.280140070035017,-0.3784695770498034
20.315157578789396,-0.3466184093995597
20.35017508754377,-0.29171996823940943
20.38519259629815,-1.1492113856034576
20.420210105052526,-1.0887565401759494
20.455227613806905,-0.7222812047457224
20.49024512256128,2.7961551897690806
20.52526263131566,2.970595979202404
20.560280140070034,-2.075233050586187
20.595297648824413,1.6840961541529396
20.63031515757879,-0.20190299838477213
20.665332666333168,-1.8997832789266842
20.700350175087543,-1.1422997907946975
20.735367683841922,2.0304944356395307
20.770385192596297,-0.6883871302300621
20.805402701350676,-1.7700000173219363
20.84042021010505,-2.816097273369797
20.87543771885943,-0.5990240773189872
20.910455227613806,-0.74682042647278
20.945472736368185,2.9195105803014525
20.98049024512256,4.0688495523634876
21.01550775387694,-4.732244887673545
21.050525262631314,-0.47459659485058553
21.085542771385693,0.10868035876960656
21.12056028014007,1.7167865108340787
21.155577788894448,1.86842608546605
21.190595297648823,1.1622095314652703
21.225612806403202,-3.58277515825463
21.260630315157577,3.3466192958999037
21.295647823911956,2.0771858082892267
21.33066533266633,0.10006947927678035
21.36568284142071,4.6094876656055614
21.400700350175086,-4.431184093085088
21.435717858929465,0.1657592866517523
21.470735367683844,1.42381014244329
21.50575287643822,-0.4642746085781997
21.540770385192594,0.054028728449117484
21.575787893946973,-1.155199291054847
21.610805402701352,-4.03002358007363
21.645822911455728,-0.4916062255514329
21.680840420210107,2.167579145606283
21.715857928964482,-1.0110815931500925
21.75087543771886,-1.6800404941504914
21.785892946473236,0.6392405268999858
21.820910455227615,1.7833991658061763
21.85592796398199,-1.5020884900053544
21.89094547273637,0.2588002648468927
21.925962981490745,-0.3635933766284881
21.960980490245124,-1.3663411606867464
21.9959979989995,-1.5332099068239038
22.031015507753878,-0.7039116049850808
22.066033016508253,1.8814517716478296
22.101050525262632,1.0305091234704156
22.136068034017008,-0.36381962187227007
22.171085542771387,2.299398312568256
22.206103051525762,1.4201999044853806
22.24112056028014,2.141412310681543
22.276138069034516,0.7718444950694449
22.311155577788895,-1.760771007053244
22.34617308654327,-3.6035227865289827
22.38119059529765,3.53363276477622
22.416208104052025,-3.719746580158676
22.451225612806404,-2.0838410793542965
22.48624312156078,2.1058674601377367
22.521260630315158,-0.8141840568081401
22.556278139069533,0.5411210316794705
22.591295647823912,1.628687366332342
22.626313156578288,0.3547549245897547
22.661330665332667,-3.1135458883185865
22.696348174087042,-2.4712201686963207
22.73136568284142,0.5281039932646219
22.766383191595796,-1.0324336900331188
22.801400700350175,-0.1589429375833223
22.83641820910455,0.8200861975848242
22.87143571785893,-1.2995687495314994
22.90645322661331,3.850561992279269
22.941470735367684,-3.212748243330182
22.97648824412206,-2.545236856528848
23.011505752876438,-0.8215325617083457
23.046523261630817,0.6366152414542025
23.081540770385192,-0.3218477458501978
23.116558279139568,0.0291895731549652
23.151575787893947,1.2942955496546116
23.186593296648326,0.13933887774661685
23.2216108054027,-2.2032362752156596
23.25662831415708,-1.4742424795609732
23.291645822911455,-1.6749858550490784
23.326663331665834,-0.8015856808457105
23.36168084042021,-0.0065322849708486464
23.39669834917459,3.4927236433903874
23.431715857928964,-0.9751034965522768
23.466733366683343,3.205872739909479
23.50175087543772,-1.3896575092109515
23.536768384192097,1.0730516684250029
23.571785892946473,0.8393908503160746
23.60680340170085,1.7268766422527317
23.641820910455227,-1.5642073569443915
23.676838419209606,0.08041352603328059
23.71185592796398,0.5758637188087911
23.74687343671836,0.9700491179638183
23.781890945472735,2.260782261428715
23.816908454227114,1.1084679115669893
23.85192596298149,-1.6210323207947444
23.88694347173587,2.145534700786889
23.921960980490244,3.715336618514677
23.956978489244623,-2.071069514872214
23.991995997999,-0.9429506881431025
24.027013506753377,0.49836391714516043
24.062031015507753,-0.3088091269847392
24.09704852426213,-1.3904313682518306
24.132066033016507,2.307344930331767
24.167083541770886,-2.1108288361010064
24.202101050525265,1.5745721478900137
24.23711855927964,-0.1553976847590537
24.272136068034015,2.4101459103670018
24.307153576788394,-1.2829865732844101
24.342171085542773,0.8035195759842765
24.37718859429715,-1.9152062458712837
24.412206103051524,-1.3900762850178578
24.447223611805903,1.6818215107259034
24.482241120560282,4.084430243084523
24.517258629314657,-0.552523887198397
24.552276138069033,-3.7056629043699263
24.58729364682341,-5.603274445712477
24.62231115557779,-2.6386923868882692
24.657328664332166,1.8037829172929758
24.69234617308654,-2.9775236854066987
24.72736368184092,1.4180274284485699
24.7623811905953,3.7537634638445954
24.797398699349674,-1.0620121920584114
24.83241620810405,0.29564835831491015
24.86743371685843,0.7137210431354875
24.902451225612808,0.40620393825244455
24.937468734367183,-0.6855368097300856
24.972486243121562,-2.087886519580965
25.007503751875937,-0.5900855080096499
25.042521260630316,-0.5626165077117294
25.07753876938469,-0.8940778114429992
25.11255627813907,0.48895134055622125
25.147573786893446,-1.7007856115757551
25.182591295647825,-0.19686856241156905
25.2176088044022,4.9714678754228325
25.25262631315658,-1.9469070379241689
25.287643821910955,-0.00046453625760173664
25.322661330665333,-0.9864424121075822
25.35767883941971,-3.201222917062706
25.392696348174088,1.6406759921880052
25.427713856928463,1.0950397609748477
25.462731365682842,-1.6411174014142174
25.497748874437217,3.1372115302921197
25.532766383191596,3.6684395581221496
25.56778389194597,-1.87789385158861
25.60280140070035,-5.330538680450843
25.63781890945473,0.2279656140587069
25.672836418209105,-1.627312727252377
25.70785392696348,3.127760879951842
25.74287143571786,1.684843072728355
25.777888944472238,-6.549770410801963
25.812906453226613,2.8712518014657293
25.84792396198099,-0.9040920745243736
25.882941470735368,0.3533358611803164
25.917958979489747,-0.2996797930437688
25.952976488244122,-1.0345833660803452
25.987993996998497,-0.0015543167169556151
26.023011505752876,2.2667470986799367
26.058029014507255,-2.392924163870478
26.09304652326163,1.7769226944151562
26.128064032016006,1.5265123822037594
26.163081540770385,-3.1875847729589877
26.198099049524764,-1.3604001003403898
26.23311655827914,0.7949362467737433
26.268134067033515,3.283624106325634
26.303151575787894,-2.424981252387906
26.338169084542272,3.1441986008556753
26.373186593296648,2.3823233565268747
26.408204102051027,2.1158131533747113
26.443221610805402,0.8351540889222001
26.47823911955978,1.6079788677406943
26.513256628314156,-0.6867321740474958
26.548274137068535,-0.2430766223299654
26.58329164582291,-4.471782794947886
26.61830915457729,-1.3551562036289055
26.653326663331665,-3.5454092382046043
26.688344172086044,-0.5195817576135451
26.72336168084042,2.160056615418509
26.758379189594798,1.1016687598106571
26.793396698349174,6.263820592186915
26.828414207103553,0.11680152835272019
26.863431715857928,2.054819096512072
26.898449224612307,-3.7347541255884296
26.933466733366682,-0.6365818175771919
26.96848424212106,2.714071839237431
27.003501750875436,-3.5411898608774863
27.038519259629815,-3.7139120605335965
27.07353676838419,-1.6038231250111454
27.10855427713857,-1.155085432049799
27.143571785892945,-1.8200417755979341
27.178589294647324,-1.6774968702289124
27.213606803401703,-0.9071940705197139
27.24862431215608,-1.5764221323851964
27.283641820910454,0.1363951318531076
27.318659329664833,1.6608580469500744
27.35367683841921,-0.679873184062351
27.388694347173587,-0.5976680555038151
27.423711855927962,-1.3428397970976762
27.45872936468234,1.3038417235636548
27.49374687343672,0.9443713810203735
27.528764382191095,-3.865878122616083
27.56378189094547,-3.381965210505621
27.59879939969985,-0.07008695080458638
27.63381690845423,-0.48916100221580694
27.668834417208604,-0.07161247285420827
27.70385192596298,-1.0383713114246846
27.73886943471736,-0.21534022992393378
27.773886943471737,1.5520568884239543
27.808904452226113,2.3766584442507734
27.843921960980488,3.8286307328130254
27.878939469734867,-2.3997860371864643
27.913956978489246,1.3875002026604217
27.94897448724362,-1.0802170084119003
27.983991995998,0.32691367120448706
28.019009504752376,-1.0611593810925066
28.054027013506754,0.25179068019966255
28.08904452226113,1.4263974723802497
28.124062031015505,-3.2135028793336873
28.159079539769884,1.7192075625995502
28.194097048524263,3.396193334672442
28.229114557278642,-1.2553957832744238
28.264132066033017,0.9316292779405415
28.299149574787393,-4.030506367226049
28.33416708354177,1.4066612566478238
28.36918459229615,-2.4873895634344914
28.404202101050526,-6.304398953714387
28.4392196098049,1.4062346696841614
28.47423711855928,1.2368022576268927
28.50925462731366,-0.8402517178535546
28.544272136068034,5.421944261799632
28.57928964482241,-2.5698382052498543
28.61430715357679,1.5518218883435244
28.649324662331168,-2.21611399953724
28.684342171085543,-0.823958693246487
28.71935967983992,-3.5073300931359497
28.754377188594297,3.2195708288609035
28.789394697348676,-0.7003139453416489
28.82441220610305,-1.7190707591819827
28.859429714857427,-0.7415992817359536
28.894447223611806,-6.096869772815426
28.929464732366185,1.4155206665343714
28.96448224112056,0.5822782209648264
28.999499749874936,0.5564164999107243
29.034517258629315,-0.14326968855176125
29.069534767383693,1.2875841089684283
29.10455227613807,2.376967054056491
29.139569784892444,1.5726534419759977
29.174587293646823,-5.726818554762723
29.209604802401202,-0.028654260364164713
29.244622311155577,0.14371483420979245
29.279639819909953,-0.11054056788108678
29.31465732866433,-0.36645895579851945
29.34967483741871,-0.2691486278535692
29.384692346173086,-0.44998144610568563
29.41970985492746,2.7246189083395165
29.45472736368184,2.9002854860373977
29.48974487243622,0.4269806634871438
29.524762381190595,-4.639160370058762
29.55977988994497,-0.1375958476073375
29.59479739869935,-1.7046302802403774
29.629814907453728,0.5105586600700724
29.664832416208103,-1.247820452505572
29.69984992496248,-2.2524253301346144
29.734867433716857,-0.7354464888861566
29.769884942471236,-2.4233655027145584
29.804902451225615,0.5973259812836966
29.83991995997999,2.23462764988623
29.874937468734366,-4.539899982168844
29.909954977488745,-2.3721522868969998
29.944972486243124,0.2078169535004118
29.9799899949975,1.0734384881653631
30.015007503751875,-1.254142761318454
30.050025012506254,0.8622618954517066
30.085042521260632,-3.2191506290129155
30.120060030015008,0.6433345503671761
30.155077538769383,-1.2264341059485937
30.190095047523762,-1.4797702700764217
30.22511255627814,5.453967826608429
30.260130065032516,-1.051103209520249
30.295147573786892,-1.3011110866353668
30.33016508254127,-1.307516744572454
30.36518259129565,-1.056122408874068
30.400200100050025,0.6286730658812382
30.4352176088044,0.948285906090421
30.47023511755878,1.0534972142196757
30.50525262631316,-0.02139014412548325
30.540270135067534,-2.498856904064167
30.57528764382191,2.1022095156118934
30.610305152576288,-1.5970467342714354
30.645322661330667,-3.0835779214363033
30.680340170085042,2.075947363644226
30.715357678839418,-3.071200018835515
30.750375187593797,-1.2974247599184456
30.785392696348175,-0.1854944121235008
30.82041020510255,0.0828091734745278
30.855427713856926,1.5694230493143027
30.890445222611305,-2.553486658185915
30.925462731365684,2.69916322403552
30.96048024012006,0.030891391790920777
30.995497748874435,-2.672993827940884
31.030515257628814,2.949343280421346
31.065532766383193,-2.2047865701447016
31.100550275137568,-1.7268841184439767
31.135567783891943,1.4004024358123008
31.170585292646322,3.138209552195369
31.2056028014007,1.8719349304511188
31.24062031015508,-4.881383997622178
31.275637818909455,-1.8831294678468835
31.31065532766383,-0.5857558536273367
31.34567283641821,3.319941934512216
31.38069034517259,-1.1330739262788816
31.415707853926964,-1.7905095968911484
31.45072536268134,-0.5411771126243524
31.48574287143572,-0.24764272798210427
31.520760380190097,-0.6330425386149089
31.555777888944473,-1.6506180993565478
31.590795397698848,3.3946626874269135
31.625812906453227,-0.5437005139350393
31.660830415207606,0.13534442194202562
31.69584792396198,-1.111566426585487
31.730865432716357,-2.6714857826123986
31.765882941470736,4.118667549264236
31.800900450225114,1.0162463393083152
31.83591795897949,-2.6371132494095697
31.870935467733865,-1.6921977507462802
31.905952976488244,1.2435882691076687
31.940970485242623,-0.4789763928597001
31.975987993997,2.3460429545819714
32.011005502751374,-0.39343348704615805
32.04602301150575,-2.3942909835781174
32.08104052026013,0.3052256764081869
32.11605802901451,4.711478327211993
32.15107553776888,-0.22116224718113414
32.18609304652326,0.5786341042736761
32.22111055527764,-1.984376111463672
32.25612806403201,1.8176498905904137
32.29114557278639,-0.7278769987902157
32.32616308154077,-1.5038979805736747
32.36118059029515,2.8525186395254964
32.39619809904953,-1.3043979878957368
32.4312156078039,-1.2438073056273742
32.46623311655828,2.4217981694041884
32.50125062531266,0.7336281723995056
32.53626813406703,-2.838961613288915
32.57128564282141,2.4657944546223725
32.60630315157579,-0.35315284477569825
32.641320660330166,-1.0917025405646534
32.676338169084545,0.5572077734763976
32.711355677838924,1.0076695188605636
32.746373186593296,-0.918530735184523
32.781390695347675,0.8725548631239815
32.81640820410205,0.3130280693215279
32.851425712856425,-2.5195026968639094
32.886443221610804,-0.2349269196519161
32.92146073036518,0.3172680973121634
32.95647823911956,6.812134787955858
32.99149574787394,3.283486167328419
33.02651325662831,0.3439917267225833
33.06153076538269,0.058447127037611464
33.09654827413707,-1.5040050056195513
33.13156578289144,-1.0544105856379216
33.16658329164582,5.282750094358685
33.2016008004002,2.8527696058305665
33.23661830915458,-0.5514099553257573
33.27163581790896,-0.09507954775566088
33.30665332666333,-2.575443844514975
33.34167083541771,0.5839627700469713
33.37668834417209,-2.930588198729799
33.41170585292646,-0.08322741966296575
33.44672336168084,-0.3787200113282214
33.48174087043522,1.8095529517913058
33.516758379189596,0.3649541634743106
33.551775887943975,-4.449508812841823
33.58679339669835,-3.508941732300826
33.621810905452726,-2.301868020069291
33.656828414207105,2.6631497622807916
33.69184592296148,-1.8541870849514128
33.726863431715856,-0.5526134459569823
33.761880940470235,-0.49362753557942396
33.796898449224614,0.7246548186188327
33.83191595797899,3.3380135335254266
33.866933466733364,-2.4647492959798534
33.90195097548774,1.2155450315774283
33.93696848424212,-3.279675692598464
33.971985992996494,2.8014262036601725
34.00700350175087,-0.13786892851900132
34.04202101050525,1.987053720045575
34.07703851925963,0.14884960418815543
34.11205602801401,-0.902571366690454
34.14707353676838,-3.8550552869054386
34.18209104552276,-1.1412666710604553
34.21710855427714,1.5426600084524766
34.25212606303152,1.4411390885384188
34.28714357178589,0.09068598868623494
34.32216108054027,-1.1602011083463781
34.35717858929465,-2.3199972307192493
34.39219609804903,-0.7587360636176852
34.427213606803406,-1.8384484044090672
34.46223111555778,0.9231937738563138
34.49724862431216,3.0340025297209157
34.532266133066535,0.2399836067126336
34.56728364182091,-0.14914052761030372
34.602301150575286,-0.03954084634405294
34.637318659329665,-0.9980917827352074
34.672336168084044,0.32682459921239715
34.70735367683842,2.162549002061464
34.742371185592795,-1.4204016935955843
34.777388694347174,0.7513956407853368
34.81240620310155,-3.830067675930822
34.847423711855924,0.8294942311601855
34.8824412206103,-0.3935692186376085
34.91745872936468,0.12698706348334
34.95247623811906,2.1894110413859957
34.98749374687344,-0.422598396734045
35.02251125562781,-2.2827789905217744
35.05752876438219,-0.44639412966953634
35.09254627313657,3.7771461261303787
35.12756378189094,4.045098089472166
35.16258129064532,2.8999002527941355
35.1975987993997,-0.6441077020198333
35.23261630815408,-2.974871557093513
35.26763381690846,-1.697433452365966
35.30265132566283,-1.0436233540905708
35.33766883441721,-1.7678073110817596
35.37268634317159,-0.6180946559650284
35.40770385192596,-1.8238871259919813
35.44272136068034,0.032867205388530996
35.47773886943472,-2.49251546033537
35.512756378189096,1.5677799410102915
35.547773886943475,-0.75145597895858
35.582791395697846,-2.8951431751216523
35.617808904452225,2.569008454608731
35.652826413206604,2.907479783490457
35.687843921960976,-1.3554471408066218
35.722861430715355,-1.7593684371185978
35.757878939469734,1.451424229544009
35.79289644822411,1.8175303700286387
35.82791395697849,-0.5684301166459986
35.86293146573287,-1.0535891179504726
35.89794897448724,-0.1267257153387192
35.93296648324162,-0.728315333615242
35.967983991996,2.7109125638780323
36.00300150075037,-0.3967071896455193
36.03801900950475,1.0829093996441128
36.07303651825913,-1.9070901878935083
36.10805402701351,-0.2171996346313281
36.14307153576789,-1.3204107193256092
36.17808904452226,0.15204739229676237
36.21310655327664,-5.076344572660566
36.24812406203101,1.6861783889184891
36.28314157078539,-3.3152185373935827
36.31815907953977,-3.482694173330347
36.35317658829415,1.0490923891186363
36.388194097048526,-2.3826473440591096
36.423211605802905,-0.6205668870015489
36.458229114557284,-3.7778146900948673
36.493246623311656,0.21903365814946918
36.528264132066035,2.5400881776649786
36.563281640820406,-0.011077860849314758
36.598299149574785,-0.7892998179082614
36.633316658329164,0.8778868608318067
36.66833416708354,0.799416297281199
36.70335167583792,1.6150265687094776
36.7383691845923,-1.4121725050129066
36.77338669334667,-1.7292019901021993
36.80840420210105,0.3630865039956389
36.843421710855424,0.19078082907186852
36.8784392196098,-0.3695910653186808
36.91345672836418,-0.17580572314720577
36.94847423711856,-3.1907441713912332
36.98349174587294,-0.6931732396670829
37.01850925462732,-0.1994096567373684
37.05352676338169,3.1430809749215234
37.08854427213607,-0.2382390096007824
37.12356178089044,3.183203267918657
37.15857928964482,0.7225013265205233
37.1935967983992,0.09629974460178245
37.22861430715358,-1.8853468814537837
37.26363181590796,-0.5808827191485566
37.298649324662335,1.459818811787007
37.33366683341671,0.2657352076130543
37.368684342171086,-0.8399070709223981
37.40370185092546,-0.8527679355419614
37.43871935967984,-0.3298456865559696
37.473736868434216,3.5760721366600796
37.508754377188595,2.6955114381970438
37.543771885942974,-1.7447401361423813
37.57878939469735,3.040504705266975
37.613806903451724,0.10760633632307981
37.6488244122061,1.2399188546071829
37.683841920960475,-3.250545542413234
37.718859429714854,-2.1736383885718094
37.75387693846923,1.305772914545129
37.78889444722361,0.011469690305330831
37.82391195597799,0.02116762504760183
37.85892946473237,2.175676292899852
37.89394697348674,-3.1881926610594937
37.92896448224112,2.4436957194563322
37.9639819909955,3.4159239364650484
37.99899949974987,-3.2489878454420156
38.03401700850425,1.199522929464876
38.06903451725863,-0.1856159253236811
38.10405202601301,3.050658695312845
38.13906953476739,-1.3182157145725968
38.174087043521766,1.158189125368374
38.20910455227614,3.1453383978969356
38.24412206103052,4.065933496240814
38.27913956978489,-2.131627775451563
38.31415707853927,-1.9189249708805554
38.349174587293646,0.869260008131227
38.384192096048025,2.1941230355805788
38.419209604802404,0.7727416767033387
38.45422711355678,0.7164756096100304
38.489244622311155,0.28953457939881466
38.524262131065534,-0.054474526104678525
38.559279639819906,-3.9171822488994565
38.594297148574285,0.07337305168066684
38.62931465732866,0.19551500879320152
38.66433216608304,-2.0019758653789634
38.69934967483742,1.0675208743035425
38.7343671835918,-1.4646581191275134
38.76938469234617,0.21289464574209505
38.80440220110055,3.0578261365510078
38.83941970985492,0.7692296659886247
38.8744372186093,-0.6179297365438849
38.90945472736368,0.7817600054456184
38.94447223611806,0.0363713049560949
38.97948974487244,0.9442860735131093
39.01450725362682,1.8591667488149968
39.04952476238119,-2.322154980958503
39.08454227113557,-1.8311833800678492
39.11955977988994,-1.259157115233255
39.15457728864432,-1.4440199249921926
39.1895947973987,-0.22734070772661202
39.22461230615308,-0.02615802507819716
39.259629814907456,0.6120661894818481
39.294647323661835,4.965507317269872
39.329664832416206,-1.1711829776026337
39.364682341170585,-1.553420189552705
39.39969984992496,-3.396841415715549
39.434717358679336,-1.6464557781530367
39.469734867433715,-0.2080626017700077
39.504752376188094,1.1342416191174027
39.53976988494247,1.2577456307160324
39.57478739369685,1.2052863701043328
39.60980490245123,0.41705199410557636
39.6448224112056,-3.1902087317181502
39.67983991995998,-0.18466695984564774
39.71485742871435,-3.069102049309095
39.74987493746873,2.7262654804113584
39.78489244622311,-5.916820522333128
39.81990995497749,-0.0875093886300382
39.85492746373187,0.051305877708868665
39.88994497248625,-3.6408789808628423
39.92496248124062,-1.1246974625373387
39.959979989995,-2.5276171225426536
39.99499749874937,2.832739070888591
40.03001500750375,0.954624709718674
40.06503251625813,-0.556600480500221
40.10005002501251,1.1058642272738732
40.135067533766886,1.652079463786253
40.170085042521265,2.1157324117134135
40.20510255127564,1.3247204373673689
40.240120060030016,2.3354095152039345
40.27513756878439,2.118613802682232
40.31015507753877,-0.26908737056045423
40.345172586293145,0.7592025781294961
40.380190095047524,-2.1353403456341233
40.4152076038019,0.13457723372474958
40.45022511255628,-0.6997264185824318
40.485242621310654,-1.7034444863647937
40.52026013006503,0.9463509392071899
40.555277638819405,-0.7808649448326983
40.590295147573784,-3.5939915382933196
40.62531265632816,1.5567698443228384
40.66033016508254,-0.10456446573956665
40.69534767383692,0.018819557433555137
40.7303651825913,0.5566819999110262
40.76538269134567,-0.5083545752276275
40.80040020010005,1.6459066908297935
40.83541770885442,-0.7026246148599045
40.8704352176088,-0.3448629074514309
40.90545272636318,-2.1144642649653775
40.94047023511756,-2.0274667241868345
40.97548774387194,0.2535890764158299
41.01050525262632,-0.7666176007844241
41.045522761380695,0.5071353459383924
41.08054027013507,-1.6667523682414798
41.115557778889446,0.6625205890143059
41.15057528764382,1.430910564392212
41.1855927963982,-3.252598462452109
41.220610305152576,4.0556427562366455
41.255627813906955,-0.9887905172696819
41.290645322661334,1.296028635813086
41.32566283141571,3.5998621770072665
41.360680340170084,0.2619591834312378
41.39569784892446,-1.6000839797263564
41.430715357678835,-1.5200999255930396
41.465732866433214,-0.9615060301595256
41.50075037518759,-4.315760764242661
41.53576788394197,0.7035609739265295
41.57078539269635,-1.438154243927827
41.60580290145073,1.2889415400837603
41.6408204102051,2.874740332864278
41.67583791895948,-2.2754306732613623
41.71085542771385,-0.6767615565394056
41.74587293646823,1.29286912709647
41.78089044522261,-1.667685232551064
41.81590795397699,1.1067813374879294
41.85092546273137,0.7407560339770679
41.88594297148575,-3.4406281072055083
41.92096048024012,0.5656863611165954
41.9559779889945,0.42250634387554725
41.99099549774887,2.9571414151098296
42.02601300650325,-0.07281082957092928
42.06103051525763,-2.3795460416161296
42.096048024012006,0.7698479422544763
42.131065532766385,-0.4650056002876037
42.166083041520764,-2.7392646722627236
42.201100550275136,2.0110196156083555
42.236118059029515,2.1012044602624553
42.27113556778389,0.45514716463283733
42.306153076538266,-0.834674652315716
42.341170585292645,-2.640011882419414
42.37618809404702,-2.422276028485819
42.4112056028014,-4.088705008322113
42.44622311155578,2.2885681055324345
42.48124062031016,-1.4058147160967442
42.51625812906453,-0.7001458610990045
42.55127563781891,-1.0375743491005884
42.58629314657328,-0.5174219250992508
42.62131065532766,-2.1493120245512722
42.65632816408204,-0.1656052837025158
42.69134567283642,-1.1124196095611065
42.7263631815908,1.1329254659723618
42.76138069034518,-0.5648598508274101
42.79639819909955,-1.8282843756644462
42.83141570785393,-2.6292252766294246
42.8664332166083,1.456997363567064
42.90145072536268,-0.48280349492372016
42.93646823411706,0.6944279400456993
42.97148574287144,2.6870583194402173
43.006503251625816,2.5495538117123013
43.041520760380195,1.873678390850236
43.076538269134566,0.40937977432423966
43.111555777888945,-1.1888863201713744
43.14657328664332,-0.409637652108682
43.181590795397696,-1.5755469194468743
43.216608304152075,0.11413995568425234
43.251625812906454,-3.452578453191228
43.28664332166083,0.14102044326471316
43.32166083041521,-1.1000734868554505
43.356678339169584,2.2438610321208423
43.39169584792396,3.8669447019741634
43.426713356678334,-0.34473805014293907
43.46173086543271,-4.150000571322193
43.49674837418709,-3.1085605947380666
43.53176588294147,-0.3973318822139318
43.56678339169585,-1.0233520658429396
43.60180090045023,0.9987320723526447
43.6368184092046,-1.7155293514258012
43.67183591795898,1.9158319004133892
43.70685342671335,-1.3932850049571406
43.74187093546773,-3.3985428359265675
43.77688844422211,0.6371786057278116
43.81190595297649,1.1845936853891041
43.84692346173087,2.0321081453462493
43.881940970485246,1.939775819847488
43.916958479239625,0.1820847213275837
43.951975987994,0.7143351665137626
43.986993496748376,-1.0490027143389244
44.02201100550275,0.2086688810963266
44.05702851425713,3.2464409826317673
44.092046023011505,-2.408286034158021
44.127063531765884,2.3829910622173647
44.16208104052026,-1.710904398374794
44.19709854927464,0.3049113073732817
44.232116058029014,1.0190477943800083
44.26713356678339,3.0296045765456405
44.302151075537765,5.779954451500425
44.337168584292144,11.854689851973156
44.37218609304652,21.766562636228983
44.4072036018009,32.217287303104214
44.44222111055528,57.636486296390736
44.47723861930966,80.29373262765472
44.51225612806403,95.21045208153629
44.54727363681841,99.93141832614467
44.58229114557278,91.52800237707582
44.61730865432716,81.5536541697347
44.65232616308154,59.63283723807273
44.68734367183592,41.19370897343573
44.7223611805903,22.969897594389792
44.75737868934468,10.200307847303275
44.79239619809905,1.9424866992935748
44.82741370685343,3.919995562693944
44.8624312156078,-0.04188122497759583
44.89744872436218,-2.4120981246899036
44.93246623311656,0.5150426610232187
44.967483741870936,2.71746691315047
45.002501250625315,1.245752210631799
45.037518759379694,1.23521517386478
45.072536268134066,1.8066900136322632
45.107553776888444,3.922637913230602
45.142571285642816,-0.06148366108347648
45.177588794397195,1.0184134236288434
45.212606303151574,0.1986158074839685
45.24762381190595,-1.9667616698749804
45.28264132066033,-0.5090616395174
45.31765882941471,0.4128513396201981
45.35267633816908,2.0502211900361904
45.38769384692346,-2.2772208551809805
45.42271135567784,-5.4101345089528
45.45772886443221,-1.633800120512899
45.49274637318659,1.5376564466299731
45.52776388194097,-2.202567400128547
45.56278139069535,-1.4070941106371608
45.59779889944973,0.8953215155386831
45.63281640820411,0.14357705679235852
45.66783391695848,-2.0844609114641033
45.70285142571286,-1.4638197843430427
45.73786893446723,0.8315131386502453
45.77288644322161,2.1285769655680435
45.80790395197599,0.9321078417682988
45.842921460730366,-0.4375754654023098
45.877938969484745,1.8173321999004028
45.912956478239124,0.8848496026928647
45.947973986993496,-2.2026777894004836
45.982991495747875,-0.2567450585570656
46.01800900450225,-0.903262749386259
46.053026513256626,0.6308792333871837
46.088044022011005,-3.899737023858711
46.12306153076538,-0.7757024168273599
46.15807903951976,-4.604994246410523
46.19309654827414,-2.3876629400341036
46.22811405702851,0.11160548187290611
46.26313156578289,-1.2708831334277815
46.298149074537264,-0.6902879449767374
46.33316658329164,0.36061796258465456
46.36818409204602,2.0384018602062106
46.4032016008004,-0.05689850675724627
46.43821910955478,-0.554515932951861
46.47323661830916,0.9044147928140549
46.50825412706353,3.4250423374481986
46.54327163581791,-0.07971010312944456
46.57828914457228,-1.4079423839958083
46.61330665332666,-4.704960737293405
46.64832416208104,-0.5734286570093022
46.68334167083542,-5.473285333264509
46.7183591795898,-0.23913993753064774
46.753376688344176,3.2703330291892647
46.78839419709855,-1.5228197848889495
46.823411705852926,-0.02945461486647081
46.8584292146073,-0.33092449623249043
46.89344672336168,0.22109630097868443
46.928464232116056,-2.341531930234976
46.963481740870435,0.8970840439020117
46.998499249624814,1.183926971873606
47.03351675837919,2.0326448878876726
47.06853426713357,-0.5070855434810372
47.103551775887944,1.907235422957342
47.13856928464232,0.13974893782231038
47.173586793396694,1.9718426713566524
47.20860430215107,-0.228334932391857
47.24362181090545,-0.3450105298955409
47.27863931965983,1.6393815857182812
47.31365682841421,-0.878208953746716
47.34867433716859,1.5750161408767904
47.38369184592296,-4.806025137122671
47.41870935467734,3.94698672428931
47.45372686343171,-0.7430256474633502
47.48874437218609,1.6161523167438334
47.52376188094047,2.231818687197702
47.55877938969485,1.2305518332168255
47.59379689844923,-0.5590354564324945
47.628814407203606,-2.4723588664447447
47.66383191595798,0.029921516674990708
47.69884942471236,1.6687358264896257
47.73386693346673,-0.35250330567881416
47.76888444222111,4.289256913561704
47.80390195097549,3.0309873933222526
47.838919459729865,-0.08067498555628211
47.873936968484244,6.154114427418386
47.90895447723862,-2.4036151292350705
47.943971985992995,-0.08855832413628797
47.978989494747374,0.03537892970841
48.014007003501746,0.9806072256479872
48.049024512256125,-1.9029278334312967
48.084042021010504,0.18860738202875593
48.11905952976488,0.504823075821211
48.15407703851926,2.9640732819961384
48.18909454727364,-3.1598230355790107
48.22411205602801,-3.194855861513743
48.25912956478239,-0.5013290499026
48.29414707353676,1.6950555488651486
48.32916458229114,-0.20709769590531035
48.36418209104552,0.41682791852962914
48.3991995997999,-0.5670833620315981
48.43421710855428,0.31094381470861526
48.46923461730866,0.8974376250752769
48.50425212606304,-3.236239220915999
48.53926963481741,3.7815138412265203
48.57428714357179,0.8681808664508328
48.60930465232616,-2.7381965567461517
48.64432216108054,4.531444410400665
48.67933966983492,0.44038447968786765
48.714357178589296,0.6744234858844139
48.749374687343675,-0.8565388219958293
48.784392196098054,3.035437889160291
48.819409704852426,0.03237279791916751
48.854427213606805,-1.6761334445285783
48.889444722361176,-0.3694802732810406
48.924462231115555,-2.3161968912970727
48.959479739869934,2.3398857394070003
48.99449724862431,-2.7689438905090995
49.02951475737869,1.0573688524607505
49.06453226613307,0.2866767932015182
49.09954977488744,1.0941993438826927
49.13456728364182,-5.210644426210448
49.16958479239619,-0.7866575349613819
49.20460230115057,2.0108947632635092
49.23961980990495,-1.3605643066700746
49.27463731865933,0.4414870941009611
49.30965482741371,4.495956785295896
49.34467233616809,-0.2989389074822324
49.37968984492246,0.3512666452685968
49.41470735367684,1.8954053428904232
49.44972486243121,1.8618586221632887
49.48474237118559,0.5338564924565982
49.51975987993997,0.3897524799164856
49.55477738869435,-3.1629853916316963
49.589794897448726,-0.6070745227146122
49.624812406203105,3.260324046541755
49.65982991495748,0.8476165698789342
49.694847423711856,1.5591846323806142
49.72986493246623,2.5036801828713324
49.76488244122061,0.11172034912711779
49.799899949974986,-2.6643231226450985
49.834917458729365,1.44042505196443
49.86993496748374,0.015552909353589845
49.90495247623812,-2.503550082710981
49.9399699849925,-1.1962972485672116
49.97498749374687,3.8144551768680315
50.01000500250125,-1.7709229089802982
50.045022511255624,-1.2621487399308553
50.08004002001,2.3013006214565266
50.11505752876438,-2.9904118079632864
50.15007503751876,-2.007832077431621
50.18509254627314,-3.377102034833498
50.22011005502752,-0.3436275768536595
50.25512756378189,-2.4030888846771328
50.29014507253627,1.3854433336325829
50.32516258129064,-0.38560247562736794
50.36018009004502,2.175250233511391
50.3951975987994,-0.043979780144242114
50.43021510755378,-3.29696354583751
50.46523261630816,0.23766225043949574
50.500250125062536,-0.31078661011668834
50.53526763381691,-1.8478240935789674
50.57028514257129,-1.5426188349474985
50.60530265132566,-4.1609795708645185
50.64032016008004,-2.217339643788785
50.675337668834416,0.9814919171061097
50.710355177588795,-0.13307492671201984
50.745372686343174,-2.0224787480784
50.78039019509755,-1.8614576000456389
50.815407703851925,-2.296982347219713
50.850425212606304,-0.004959197288853839
50.885442721360675,0.04089968014993283
50.920460230115054,-0.209658999258236
50.95547773886943,-4.73771230985092
50.99049524762381,-3.0492044386439225
51.02551275637819,0.04903541782758769
51.06053026513257,1.2797563041767894
51.09554777388694,1.4399899934512983
51.13056528264132,1.1022746793099383
51.16558279139569,-0.3976236425854898
51.20060030015007,1.5329887755274094
51.23561780890445,0.631129217279614
51.27063531765883,-5.319723759009344
51.30565282641321,-0.7501400085182689
51.34067033516759,2.718454901322351
51.37568784392196,-2.5063757052212186
51.41070535267634,4.496732571434058
51.44572286143072,0.9879985658541399
51.48074037018509,-0.7559482379000099
51.51575787893947,0.4501244905495343
51.55077538769385,1.7935698785535845
51.585792896448226,1.8095273117527524
51.620810405202604,5.343301325030164
51.65582791395698,13.459866892729835
51.690845422711355,30.77692665087896
51.725862931465734,52.435783022794304
51.760880440220106,97.92639732950114
51.795897948974485,156.72787693255043
51.830915457728864,218.9922772230781
51.86593296648324,272.53783775790373
51.90095047523762,297.81602350238563
51.935967983992,288.9758101758283
51.97098549274637,249.0305973345239
52.00600300150075,187.6394702363637
52.04102051025513,127.49358049278702
52.0760380190095,79.21603764883577
52.11105552776388,38.99356591147908
52.14607303651826,15.675699975284317
52.18109054527264,12.87935948087236
52.21610805402701,2.7923067637653496
52.25112556278139,2.92394341919994
52.28614307153577,1.121843228078286
52.32116058029015,-1.67982269176329
52.35617808904452,-3.5218833348636016
52.3911955977989,-0.8677360640679154
52.42621310655328,-0.13048798356662644
52.461230615307656,1.3516304009542608
52.49624812406203,0.6824769149427151
52.53126563281641,3.083086484158467
52.566283141570786,3.526063766876239
52.601300650325165,0.2022217332170921
52.636318159079536,4.198421842621937
52.671335667833915,2.2062789269668266
52.706353176588294,1.239015236874674
52.74137068534267,-0.683266825961863
52.776388194097045,-2.3081202499445155
52.811405702851424,1.327966568169551
52.8464232116058,0.9449230477685581
52.88144072036018,4.6094165685318815
52.91645822911456,1.9372533672868537
52.95147573786893,0.006354836432670861
52.98649324662331,-0.601059401676124
53.02151075537769,-2.824469648985778
53.05652826413207,-1.7907681181248285
53.09154577288644,1.9843852878206563
53.12656328164082,-1.3681207168341483
53.1615807903952,1.26213035986322
53.19659829914958,-0.193290201733862
53.23161580790395,-1.2597741004562004
53.26663331665833,1.6601493615968577
53.30165082541271,3.630417358924944
53.336668334167086,-0.24899765147154115
53.37168584292146,-2.766829813401513
53.40670335167584,-0.4474119062274627
53.441720860430216,-0.13374880406625175
53.476738369184595,-0.4566482344846829
53.51175587793897,-2.366219186080625
53.546773386693346,-0.14820777917648603
53.581790895447725,-0.3191964678599839
53.616808404202104,-4.175214428815162
53.651825912956475,1.593733316282416
53.686843421710854,-0.6119189695697925
53.72186093046523,3.552487284753624
53.75687843921961,0.21793738052835956
53.791895947973984,-2.658324340035497
53.82691345672836,-1.1028044261624683
53.86193096548274,0.24894535995747788
53.89694847423712,-2.3338529354150848
53.93196598299149,3.131322953447934
53.96698349174587,-2.029428033913816
54.00200100050025,3.5445931609023473
54.03701850925463,3.229475519554858
54.072036018009,-0.7833308292548831
54.10705352676338,0.9667892922885915
54.14207103551776,2.5534286453622776
54.17708854427214,2.4513637063856994
54.21210605302651,1.4707288667041207
54.24712356178089,3.1116606480541726
54.28214107053527,-1.0972644854590896
54.31715857928965,-1.7523668898779718
54.35217608804402,-0.9279630778225108
54.3871935967984,-4.068935191195781
54.422211105552776,0.10034179755781812
54.457228614307155,-0.5497224674119779
54.492246123061534,-2.3233248347089512
54.527263631815906,3.1797769363521566
54.562281140570285,0.6021496616012932
54.597298649324664,1.5827211077321968
54.63231615807904,-0.3417368511254636
54.667333666833414,-1.29290428308963
54.70235117558779,-0.7221909952708775
54.73736868434217,1.2709537010123213
54.77238619309655,4.461005671033651
54.80740370185092,0.962673418082623
54.8424212106053,-4.5770590617636415
54.87743871935968,-1.035500818632103
54.91245622811406,1.574612015516691
54.94747373686843,3.3041476835143495
54.98249124562281,-0.23949602532471506
55.01750875437719,1.2257984854792536
55.05252626313157,1.6476805600977364
55.08754377188594,0.5366173262306215
55.12256128064032,-1.1744720202864063
55.1575787893947,0.17388373255148157
55.19259629814908,-1.5502499115441137
55.22761380690345,2.374830876994325
55.26263131565783,-2.200234320439687
55.29764882441221,-3.683607865844777
55.332666333166586,2.1996720512699
55.36768384192096,0.25139927154188535
55.402701350675336,0.6190433766446526
55.437718859429715,0.5902384538315848
55.472736368184094,1.6676438783874836
55.507753876938466,-0.09257319143414684
55.542771385692845,-0.11120981945274594
55.577788894447224,0.3800287055337026
55.6128064032016,-0.09362584966486306
55.647823911955975,1.8961334287052642
55.68284142071035,-0.6475367097689427
55.71785892946473,0.9610483002979359
55.75287643821911,1.0541997625420765
55.78789394697348,-0.9846706493126295
55.82291145572786,-0.652390052092992
55.85792896448224,-1.93994693047378
55.89294647323662,-1.6616262626574798
55.927963981991,0.5184916622565975
55.96298149074537,-5.51351746537961
55.99799899949975,0.14570000956734225
56.03301650825413,-1.9420509463591435
56.06803401700851,-0.18425258219096227
56.10305152576288,-2.0127244901357857
56.13806903451726,1.9730969048012554
56.17308654327164,1.330560009882958
56.208104052026016,0.8959334739914636
56.24312156078039,-0.5531849337924132
56.27813906953477,1.082775432373142
56.313156578289146,1.617681817716974
56.348174087043525,-0.6459988559774329
56.383191595797896,-1.4655984470205936
56.418209104552275,0.22358129025109466
56.453226613306654,-0.04140152437386844
56.48824412206103,0.39378864925357565
56.523261630815405,1.7139388650999685
56.558279139569784,0.10401918050039213
56.59329664832416,0.7769308386425463
56.62831415707854,0.42132793674542746
56.663331665832914,-1.6754140867514316
56.69834917458729,-0.5023483183164195
56.73336668334167,1.4069256754221122
56.76838419209605,0.9695621578506052
56.80340170085042,2.7312289314709144
56.8384192096048,2.8881734947029893
56.87343671835918,1.4525484196280767
56.90845422711356,1.352285990822413
56.94347173586793,-0.4147802521260971
56.97848924462231,-0.12053508389257087
57.01350675337669,3.118723220454043
57.04852426213107,0.6433038612876883
57.08354177088544,0.49893060839877085
57.11855927963982,-0.9902043756705396
57.1535767883942,0.08243805153050338
57.188594297148576,2.5570026568483737
57.22361180590295,-1.5885545950559636
57.25862931465733,-4.529911198121355
57.293646823411706,1.574341944504807
57.328664332166085,1.3273969770524607
57.363681840920464,-5.188316163504398
57.398699349674835,-0.5198397006864663
57.433716858429214,1.762598265347827
57.46873436718359,-2.6528027938200602
57.50375187593797,-2.6366904171619727
57.538769384692344,-1.4891045170180155
57.57378689344672,-1.8580164469234555
57.6088044022011,3.97315380776716
57.64382191095548,-4.663597841370591
57.67883941970985,0.09304842097442592
57.71385692846423,3.5779854299377045
57.74887443721861,0.7745772041536613
57.78389194597299,-1.5474129742747107
57.81890945472736,4.081443807779444
57.85392696348174,-0.3464008157926279
57.88894447223612,1.0664113573964815
57.9239619809905,1.0720363538199615
57.95897948974487,-4.562113680128574
57.99399699849925,-0.14235888989195508
58.02901450725363,-0.6666698479411461
58.06403201600801,0.11743286670639073
58.09904952476238,-3.812145975986962
58.13406703351676,-2.263752309661181
58.169084542271136,1.4216062985057125
58.204102051025515,-0.8509213286248537
58.23911955977989,1.3568774963996841
58.274137068534266,1.6639328959565576
58.309154577288645,3.809982970086768
58.344172086043024,0.8738370282977361
58.379189594797396,1.0193363816707608
58.414207103551774,0.11820203326569338
58.44922461230615,2.13306979690105
58.48424212106053,1.7565016792470405
58.519259629814904,2.3527313349847625
58.55427713856928,1.2092932399202772
58.58929464732366,-2.285428576189693
58.62431215607804,0.514143585964899
58.65932966483241,-0.24259877001246793
58.69434717358679,-0.9671735703552538
58.72936468234117,0.9513266041429275
58.76438219109555,-1.2792379664760047
58.79939969984992,0.8579238182624611
58.8344172086043,0.7296690932498388
58.86943471735868,2.0706977434235125
58.90445222611306,-3.084363393512858
58.93946973486744,-2.2660370522749895
58.97448724362181,-0.7513417245348973
59.00950475237619,2.0981779628027346
59.04452226113057,-1.1144874475920061
59.079539769884946,-0.47010801912701256
59.11455727863932,-0.83424740293228
59.149574787393696,-0.6882589142638955
59.184592296148075,-0.7106491054964723
59.219609804902454,-1.7255762068754152
59.254627313656826,1.6814711537364382
59.289644822411205,-0.751670061226723
59.324662331165584,1.9111208393143444
59.35967983991996,0.6723457110101013
59.394697348674335,-0.7097091481894446
59.42971485742871,0.9860715466410651
59.46473236618309,-0.9646614926521889
59.49974987493747,1.710986016402603
59.53476738369184,0.1803837869755311
59.56978489244622,0.5017346607190343
59.6048024012006,-1.599151693249672
59.63981990995498,0.10886801805688906
59.67483741870935,-1.002308469027653
59.70985492746373,0.4780992235814375
59.74487243621811,-0.6362771221910002
59.77988994497249,-0.8595679506811139
59.81490745372686,-0.15437130940452112
59.84992496248124,-1.531893068535244
59.88494247123562,0.04638678008057027
59.91995997999,1.5731992944574944
59.95497748874437,0.5680960456449635
59.98999499749875,1.2973599212568074
60.02501250625313,-0.8402613415401822
60.060030015007506,1.264393609065027
60.09504752376188,-1.119680648217624
60.13006503251626,1.6497659560080966
60.165082541270635,-0.15718726566579233
60.200100050025014,-3.4651151246026166
60.235117558779386,0.2934225092189928
60.270135067533765,-0.5437874799044512
60.305152576288144,0.6234307645368089
60.34017008504252,-0.625865676993968
60.3751875937969,-0.34328958473854665
60.410205102551274,-0.19638562053438535
60.44522261130565,2.2109058127314367
60.48024012006003,-1.1536335139927456
60.51525762881441,-0.13373683312101406
60.55027513756878,-2.4346079119130946
60.58529264632316,-0.11265834523396392
60.62031015507754,1.6449611585578217
60.65532766383192,2.8210086156231875
60.69034517258629,1.8047413179792076
60.72536268134067,-4.203586257124406
60.76038019009505,3.4058826331318905
60.79539769884943,2.2472861532199975
60.8304152076038,-2.0714715326011883
60.86543271635818,1.3638614545866181
60.90045022511256,1.4447418615227192
60.935467733866936,-1.9617887564284457
60.97048524262131,-2.0672317429283376
61.00550275137569,-1.0794076224744897
61.040520260130066,2.0920691843714727
61.075537768884445,-0.5311553983183378
61.11055527763882,0.4342957317439641
61.145572786393195,-0.9134379047444431
61.180590295147574,4.384232350638625
61.21560780390195,-1.6952847410205036
61.250625312656325,0.007572728623703153
61.285642821410704,1.5925570477040039
61.32066033016508,-0.3523076600545491
61.35567783891946,0.8993222025743508
61.390695347673834,-2.4383398593254006
61.42571285642821,-1.2495755718154045
61.46073036518259,-0.04363831012457707
61.49574787393697,0.18773911748835717
61.53076538269134,-2.2837954165739163
61.56578289144572,5.973139036858947
61.6008004002001,-2.0319657824236863
61.63581790895448,0.004726839059972431
61.67083541770885,-2.723248157935173
61.70585292646323,-1.8439535094539026
61.74087043521761,0.664128425779591
61.77588794397199,-1.3720384918223507
61.81090545272636,0.4051222310448943
61.84592296148074,-4.2842466321018895
61.88094047023512,4.045405993052573
61.915957978989496,-0.5176002600961407
61.950975487743875,0.4900690507650207
61.98599299649825,3.694392940014423
62.021010505252626,-1.6397869354243144
62.056028014007005,5.508803702935173
62.091045522761384,0.6302719624443377
62.126063031515756,1.3407090271527455
62.161080540270135,0.14314134202720022
62.19609804902451,-2.1530053362631065
62.23111555777889,-0.8891527141682762
62.266133066533264,-1.9223165547178478
62.30115057528764,4.963502019822634
62.33616808404202,-0.1989412259417337
62.3711855927964,2.5136929833291046
62.40620310155077,0.798810597295183
62.44122061030515,-1.9985300738987972
62.47623811905953,1.790748550727968
62.51125562781391,-2.695638305777204
62.54627313656828,2.355855620590835
62.58129064532266,-1.4878080776582436
62.61630815407704,4.435715556925171
62.65132566283142,1.7399787287024349
62.68634317158579,0.8091099996727559
62.72136068034017,0.10114715195264125
62.75637818909455,-0.12595869000661808
62.79139569784893,-1.7534490486913537
62.8264132066033,1.0431346028099213
62.86143071535768,3.280817412218555
62.896448224112056,3.4851579955220355
62.931465732866435,-6.5877253349266836
62.96648324162081,-1.291030084805057
63.001500750375186,2.066998365135881
63.036518259129565,-1.2155703849270927
63.071535767883944,0.6652487445671562
63.106553276638316,-2.449434397059466
63.141570785392695,-1.0331093625867485
63.176588294147074,-1.6721729580833418
63.21160580290145,1.0910040716336347
63.246623311655824,-0.4052095221668687
63.2816408204102,-1.9250351435637738
63.31665832916458,0.7009615063980112
63.35167583791896,-0.37313599913848666
63.38669334667334,2.6315267480714395
63.42171085542771,-2.380153280559352
63.45672836418209,2.9092312886003713
63.49174587293647,-2.0403625446952027
63.52676338169085,-0.4841769953172486
63.56178089044522,-2.2944976570594795
63.5967983991996,-0.8107767519802309
63.63181590795398,-1.8596623546707247
63.66683341670836,-1.2362046940493705
63.70185092546273,-0.6527649836718354
63.73686843421711,-1.8745987011886212
63.77188594297149,2.4328932293728323
63.806903451725866,0.28771969574492423
63.84192096048024,-0.32270404494479354
63.87693846923462,-0.6144691278161073
63.911955977988995,1.323619047576022
63.946973486743374,1.8313871619024826
63.981990995497746,1.7637994805447272
64.01700850425212,2.234791158795563
64.0520260130065,0.31513737717844326
64.08704352176088,-0.6538392084323361
64.12206103051525,0.37105734862389267
64.15707853926963,1.1925197343691076
64.19209604802401,-2.9359407041055765
64.22711355677839,1.063698123796349
64.26213106553277,-0.10377215055483438
64.29714857428715,1.2915324957254513
64.33216608304153,3.988893607507244
64.36718359179591,-2.2826068978321046
64.40220110055027,-1.6440313842516912
64.43721860930465,0.000345166549010711
64.47223611805903,2.0916237994775067
64.50725362681341,0.8159861588226484
64.54227113556777,-0.24696353154320977
64.57728864432215,-0.45978842035346146
64.61230615307653,-1.685225759183569
64.64732366183091,4.832070720957022
64.68234117058529,-2.19457008476788
64.71735867933967,-1.9957233214808896
64.75237618809405,0.031437720819782015
64.78739369684843,1.4150642670863551
64.8224112056028,-2.8667199409171196
64.85742871435718,0.6851286035202098
64.89244622311156,-2.7757657340735515
64.92746373186594,2.5607470594869173
64.96248124062032,-0.35192163955063277
64.99749874937469,2.844504984782847
65.03251625812906,-0.04144524911260801
65.06753376688344,0.9145882324941308
65.10255127563782,1.6419826181384665
65.13756878439219,0.07846644642419046
65.17258629314657,2.8659182601724633
65.20760380190094,-0.7540427873458829
65.24262131065532,-3.9287330817508197
65.2776388194097,-0.12544988382007688
65.31265632816408,-3.9427452573531827
65.34767383691846,1.4887210388874104
65.38269134567284,-0.4046359241521194
65.41770885442722,1.7868879264900521
65.4527263631816,1.0069771318611902
65.48774387193598,-2.042256626843865
65.52276138069035,2.0109686919692504
65.55777888944472,1.5288903763553257
65.5927963981991,0.797862956877829
65.62781390695348,-4.143421719297123
65.66283141570786,-0.428125062087714
65.69784892446222,2.728462313638311
65.7328664332166,-2.5793839083608705
65.76788394197098,-2.7632616671207124
65.80290145072536,6.281120141077696
65.83791895947974,-0.6104858772632511
65.87293646823412,0.5288143890384005
65.9079539769885,-2.7616415387428876
65.94297148574287,-2.6818988533941357
65.97798899449725,0.3012369442381019
66.01300650325163,1.1266682578128997
66.04802401200601,-1.3029458785682766
66.08304152076039,0.1582769665933827
66.11805902951475,-0.558405608131611
66.15307653826913,1.856068338379367
66.18809404702351,0.8940717558343119
66.22311155577789,1.328700905707165
66.25812906453226,2.905185670288591
66.29314657328663,-1.31162465228552
66.32816408204101,2.400939161416989
66.36318159079539,0.5489485293510115
66.39819909954977,-1.7567120166210646
66.43321660830415,-0.483141828370645
66.46823411705853,-1.3874521868257523
66.50325162581291,-0.7390934917339911
66.53826913456729,-2.707535448825649
66.57328664332167,0.163103716488378
66.60830415207604,-1.7564430600379959
66.64332166083042,-0.1489056958477496
66.6783391695848,1.5152634918631918
66.71335667833917,-1.0200043509652357
66.74837418709355,2.7535832755865624
66.78339169584793,-1.2894973194420671
66.8184092046023,-1.730997721323558
66.85342671335667,-1.5818172824868229
66.88844422211105,-2.842082506871256
66.92346173086543,-2.784552480779551
66.9584792396198,-3.4335113002230533
66.99349674837418,-2.993309984728918
67.02851425712856,0.8147490448332902
67.06353176588294,0.4821052529141104
67.09854927463732,1.6672422021862836
67.1335667833917,-1.152058875489061
67.16858429214608,-1.625809381464341
67.20360180090046,-1.6889481017127794
67.23861930965484,-0.13292948485248374
67.2736368184092,2.2078843723374475
67.30865432716358,-3.9255767953627596
67.34367183591796,2.21119675365664
67.37868934467234,0.9660009686977017
67.4137068534267,0.23865751605902927
67.44872436218108,-0.10240760584032103
67.48374187093546,1.439386209435505
67.51875937968984,4.880097703013099
67.55377688844422,1.5864144944214413
67.5887943971986,2.310768182562702
67.62381190595298,-0.9983142962293007
67.65882941470736,0.15773263920723204
67.69384692346173,1.5835559449776513
67.72886443221611,-1.1968500641407782
67.76388194097049,3.1061174024298923
67.79889944972487,1.3006789358613364
67.83391695847925,-0.4736393169128308
67.86893446723361,-0.11823848774749687
67.903951975988,3.0889369382796272
67.93896948474237,-0.915410703536611
67.97398699349675,-0.289965830937178
68.00900450225112,2.8810929265386696
68.0440220110055,2.136110858520479
68.07903951975987,-0.8361563178387039
68.11405702851425,-0.016520642461383562
68.14907453726863,-1.6043045357347634
68.18409204602301,2.1759985330011826
68.21910955477739,1.0073249989293638
68.25412706353177,-1.6004301521510274
68.28914457228615,-1.0722450909289456
68.32416208104053,2.112332924329298
68.3591795897949,-1.0506132863174182
68.39419709854928,0.559135341127538
68.42921460730365,-0.3841063230962309
68.46423211605803,0.6897818528026702
68.4992496248124,0.04860098521476724
68.53426713356679,2.5061314695491284
68.56928464232115,1.3906676401426334
68.60430215107553,-5.855902777775341
68.63931965982991,2.47808433461304
68.67433716858429,-2.9181411378941937
68.70935467733867,0.13470571177986565
68.74437218609305,-0.48405144091792546
68.77938969484742,-3.140750232618905
68.8144072036018,-0.16164010732693904
68.84942471235618,1.0080679417979992
68.88444222111056,5.0151015292702885
68.91945972986494,-0.15402965437716196
68.95447723861932,-0.6151792018468375
68.98949474737368,0.02021708051686923
69.02451225612806,1.4086763512627083
69.05952976488244,-0.5477874745074205
69.09454727363682,1.0198113060417857
69.12956478239118,1.449840407032397
69.16458229114556,2.1709437455048364
69.19959979989994,3.055222566423031
69.23461730865432,-3.1144346426663128
69.2696348174087,-1.756786869684462
69.30465232616308,2.936241598182224
69.33966983491746,-0.015250415247570261
69.37468734367184,2.028370668974071
69.40970485242622,-1.6017143276779746
69.4447223611806,0.9605531290847575
69.47973986993497,-2.450347554520155
69.51475737868935,1.2859786675960485
69.54977488744373,1.315193212931578
69.5847923961981,-1.2012430530507003
69.61980990495248,-1.3352728641925864
69.65482741370685,-3.3796646347543433
69.68984492246123,-3.4717710742049257
69.7248624312156,1.3438249553172084
69.75987993996998,-0.07851709397225963
69.79489744872436,-3.9940847416367475
69.82991495747874,-1.6221836362999602
69.86493246623311,-2.1988385528092267
69.89994997498749,-0.2035231838894431
69.93496748374187,0.58877582971486
69.96998499249625,1.4129096692124568
70.00500250125063,1.875448038622036
70.04002001000501,-1.865680501189513
70.07503751875939,-2.965887120460305
70.11005502751377,0.5685606154773889
70.14507253626813,1.4118222731809418
70.18009004502251,-0.4650948151752347
70.21510755377689,-0.5813861733549323
70.25012506253127,-5.80186898195156
70.28514257128563,-3.6163014376724187
70.32016008004001,-2.6796997140402974
70.35517758879439,1.1568533680867548
70.39019509754877,1.871253563982659
70.42521260630315,-1.4245031902634342
70.46023011505753,-1.92207945084102
70.4952476238119,4.7280077026939615
70.53026513256629,-1.080242616865539
70.56528264132066,1.8119474875665729
70.60030015007504,2.5949020416720114
70.63531765882942,0.12031146465246986
70.6703351675838,0.524113464987002
70.70535267633817,2.0466726960733346
70.74037018509254,-2.5722820007799165
70.77538769384692,-1.4671118035448567
70.8104052026013,-2.916542169098208
70.84542271135568,0.15760519084296593
70.88044022011005,-0.9306749287666528
70.91545772886442,-1.1674818817338903
70.9504752376188,-0.12989021146142765
70.98549274637318,-1.4700733595554085
71.02051025512756,0.7279528687346528
71.05552776388194,0.4723795838073084
71.09054527263632,1.3663028230848477
71.1255627813907,-0.9523981564432935
71.16058029014508,-1.3825928617291552
71.19559779889946,-0.318398370308184
71.23061530765384,-0.9486688275173798
71.26563281640821,0.9733643874033548
71.30065032516258,0.8267460027543003
71.33566783391696,-0.3694722512119527
71.37068534267134,-0.7810940819073305
71.40570285142572,0.24250665609371758
71.44072036018008,1.2558227921810494
71.47573786893446,1.7938784777605885
71.51075537768884,0.5236339551225896
71.54577288644322,0.0725617894403163
71.5807903951976,-0.317965980544953
71.61580790395197,0.8949059599099621
71.65082541270635,-2.2246924952887968
71.68584292146073,2.9614732391216716
71.72086043021511,-0.6031726066340319
71.75587793896949,1.8736481209607523
71.79089544772387,0.22630562313021432
71.82591295647825,2.39256847018438
71.86093046523261,1.5855668169231376
71.89594797398699,-0.060957151530688904
71.93096548274137,1.3868046173544595
71.96598299149575,1.1350325707363318
72.00100050025011,-2.7478979246651023
72.0360180090045,3.227017967782578
72.07103551775887,0.9241364353800723
72.10605302651325,-0.7289800981275644
72.14107053526763,0.4481491884123978
72.17608804402201,1.16585443926127
72.21110555277639,1.0636467256116886
72.24612306153077,3.611557065446596
72.28114057028515,2.7772274576530798
72.31615807903952,-1.9286757815098852
72.3511755877939,0.040650444844825426
72.38619309654828,-0.5880756984672401
72.42121060530266,-2.422396479131727
72.45622811405703,-3.9870973138290218
72.4912456228114,-0.26862355895425793
72.52626313156578,-1.3297382489069691
72.56128064032016,-1.7809712961364739
72.59629814907453,0.34419429467187734
72.6313156578289,-3.2955377593194393
72.66633316658329,-0.9770603224946097
72.70135067533766,-1.2441108459071597
72.73636818409204,-1.53884244120985
72.77138569284642,2.276183808655173
72.8064032016008,0.967384426390171
72.84142071035518,-0.3858356941720225
72.87643821910956,3.0538133081140804
72.91145572786394,-2.3901607021031097
72.94647323661832,0.3452211504837008
72.9814907453727,0.9830879088604094
73.01650825412706,-1.8534869459414725
73.05152576288144,1.447342765992218
73.08654327163582,-0.03245499145006801
73.1215607803902,2.4021663124650257
73.15657828914456,0.12000263941032883
73.19159579789894,-0.5582819649499047
73.22661330665332,0.8501241823272777
73.2616308154077,1.8349861954008584
73.29664832416208,3.9067057123942686
73.33166583291646,-0.7338548596369754
73.36668334167084,-0.3972570029218515
73.40170085042521,-3.2160910290181364
73.4367183591796,-3.284913745470965
73.47173586793397,2.365196582614483
73.50675337668835,0.7812571632014605
73.54177088544273,-0.0979186252556357
73.5767883941971,-2.1533589555976267
73.61180590295147,3.847201659301723
73.64682341170585,-0.9066160027649888
73.68184092046023,-0.7005808212333401
73.7168584292146,2.1067927519490866
73.75187593796898,5.562557423360497
73.78689344672335,1.0092082313288377
73.82191095547773,0.755687504633424
73.85692846423211,-1.0337154219325582
73.89194597298649,-1.0919968393073605
73.92696348174087,-1.0400482243651559
73.96198099049525,0.38435918819987674
73.99699849924963,-0.891110461774537
74.032016008004,0.6828601570652021
74.06703351675839,0.8391489825094904
74.10205102551276,0.01452756735826979
74.13706853426714,-1.6411574384905006
74.17208604302151,1.5314793636815665
74.20710355177589,-2.312740921519238
74.24212106053027,-1.3318027887620392
74.27713856928465,4.02207157854442
74.31215607803901,-1.5027248716547077
74.34717358679339,0.45919528373263696
74.38219109554777,-0.9969335368558333
74.41720860430215,0.5842472223585201
74.45222611305653,0.6135761122777561
74.4872436218109,0.39423945954815726
74.52226113056528,0.4108424937087019
74.55727863931966,2.946078858996423
74.59229614807404,-0.003635975962689316
74.62731365682842,2.5704302347406336
74.6623311655828,0.73212614338825
74.69734867433718,-2.133741737174537
74.73236618309154,-0.21658944842490604
74.76738369184592,-0.1799185714862468
74.8024012006003,0.8873421829343489
74.83741870935468,0.24243565848290974
74.87243621810904,-0.9910623988377645
74.90745372686342,1.2612640819520071
74.9424712356178,-1.1003168163187662
74.97748874437218,-1.7569851561040648
75.01250625312656,1.407147504905766
75.04752376188094,1.0303072587103725
75.08254127063532,-1.7358372357222127
75.1175587793897,2.9215650090869114
75.15257628814408,-0.06695694655457825
75.18759379689845,-0.7089799691226767
75.22261130565283,-2.4192250551193406
75.25762881440721,0.1026430280518024
75.29264632316159,-0.9442661135331191
75.32766383191596,-2.3300559838970303
75.36268134067033,2.51851267599619
75.39769884942471,-0.8146741829647259
75.43271635817909,-0.9690261920392148
75.46773386693346,2.478980358597307
75.50275137568784,1.7938913764664586
75.53776888444222,-2.7216185422018135
75.5727863931966,-2.3989464542096357
75.60780390195097,2.689631866314048
75.64282141070535,-1.963962151020558
75.67783891945973,-0.6791914120490539
75.71285642821411,-0.2974963810138182
75.74787393696849,-1.647199521605119
75.78289144572287,2.1050909672066056
75.81790895447725,0.3252782160593258
75.85292646323163,0.41620044320647126
75.88794397198599,0.9221101278138213
75.92296148074037,0.6461299845607272
75.95797898949475,-2.2176857102486136
75.99299649824913,-0.6288044873800527
76.02801400700349,-0.6494222050920009
76.06303151575787,-2.337432128159107
76.09804902451225,2.5785520979077714
76.13306653326663,2.1974240948783916
76.16808404202101,2.6324320019649177
76.20310155077539,5.415733436982732
76.23811905952977,15.719508507334332
76.27313656828414,32.74681639749314
76.30815407703852,65.18595795320188
76.3431715857929,114.15408264130046
76.37818909454728,174.3365821970394
76.41320660330166,240.1677926745672
76.44822411205602,283.2854092720483
76.4832416208104,298.5936368765258
76.51825912956478,281.5212262379857
76.55327663831916,228.9741016462039
76.58829414707353,166.69791230657174
76.6233116558279,107.9569452045985
76.65832916458228,63.026610241467196
76.69334667333666,34.22491778711295
76.72836418209104,11.747497887708482
76.76338169084542,8.63143092099232
76.7983991995998,0.07114941530976049
76.83341670835418,-1.1981264636037126
76.86843421710856,-0.8047682925679929
76.90345172586294,-2.1653226229838687
76.93846923461732,2.5249357923532583
76.9734867433717,1.668705932433194
77.00850425212607,-0.950219892630252
77.04352176088044,-0.236549145632668
77.07853926963482,0.35605259679567497
77.1135567783892,-0.621963919476221
77.14857428714357,-2.038743563275213
77.18359179589794,1.4291507077338448
77.21860930465232,-0.5357414736064445
77.2536268134067,0.3279162828431002
77.28864432216108,-1.116843506217569
77.32366183091546,-2.9046221853777756
77.35867933966983,-1.2061340586792806
77.39369684842421,3.0847924255060084
77.42871435717859,-3.6252810609436583
77.46373186593297,-2.0904582052099276
77.49874937468735,-0.24708549671474744
77.53376688344173,2.1141751373607534
77.56878439219611,0.6465408299782536
77.60380190095047,1.3596956834306824
77.63881940970485,-0.7704516890185055
77.67383691845923,-4.972302568467717
77.70885442721361,-0.6928934911664031
77.74387193596797,0.288638696040145
77.77888944472235,3.1502517375936185
77.81390695347673,-0.8686770077293176
77.84892446223111,-1.4346335576409381
77.88394197098549,-2.8961292508639898
77.91895947973987,0.8094335321616755
77.95397698849425,0.43707779396004814
77.98899449724863,2.922063212301447
78.024012006003,-0.7094115723496999
78.05902951475738,-2.1414134899282886
78.09404702351176,1.2668631068714318
78.12906453226614,1.9827868384424148
78.1640820410205,-0.24636263226408225
78.19909954977489,-0.7491074659081326
78.23411705852926,-2.327500768904826
78.26913456728364,1.4717050849752165
78.30415207603802,-4.965413379512212
78.33916958479239,0.8610509657222437
78.37418709354677,1.0482914579257423
78.40920460230114,-3.7886849890810264
78.44422211105552,0.4149617428560091
78.4792396198099,-2.9060404723873985
78.51425712856428,-1.0353885721839482
78.54927463731866,-0.5991793084525049
78.58429214607304,0.31128325753542935
78.61930965482742,-1.32075628644593
78.6543271635818,-1.5240871540553897
78.68934467233618,2.2371596416385673
78.72436218109056,4.444623865086443
78.75937968984492,0.03004977960026767
78.7943971985993,-0.2669648532976688
78.82941470735368,-2.6071147456134542
78.86443221610806,-3.854516463180556
78.89944972486242,-2.2967437089811584
78.9344672336168,-0.734693983483722
78.96948474237118,-0.19397489495746686
79.00450225112556,1.8457783769755949
79.03951975987994,1.724781077611151
79.07453726863432,-0.8725941919732685
79.1095547773887,2.9374669501444197
79.14457228614307,-5.511959765979784
79.17958979489745,-1.0894901278738045
79.21460730365183,-1.3168906101510365
79.24962481240621,2.1307117055544817
79.28464232116059,1.9988828821245788
79.31965982991495,-0.9203118618333463
79.35467733866933,-0.9805771321895915
79.38969484742371,-1.054828581178348
79.42471235617809,-0.8896635069948515
79.45972986493246,-0.8885434172743464
79.49474737368683,2.310965157792159
79.52976488244121,-0.04777297008424267
79.56478239119559,0.04842554965492441
79.59979989994997,2.729469180327291
79.63481740870435,-0.2695556471682657
79.66983491745873,-0.990137207546731
79.70485242621311,1.4708829819097997
79.73986993496749,-2.4156668818108242
79.77488744372187,-0.32259458844316247
79.80990495247624,2.1254589543694147
79.84492246123062,2.5400516882114754
79.879939969985,-2.1763553433642038
79.91495747873937,0.6894268883936016
79.94997498749375,-0.744886682200094
79.98499249624813,0.9103939112336977
80.0200100050025,-0.8045283077464167
80.05502751375687,1.789960636547181
80.09004502251125,1.170467280810169
80.12506253126563,-1.1891651060265909
80.16008004002,0.851480300519456
80.19509754877438,1.3830923776505053
80.23011505752876,0.39268455190433765
80.26513256628314,-0.37916190337817623
80.30015007503752,-1.2931652047883186
80.3351675837919,0.9041725190711546
80.37018509254628,1.3597607409586374
80.40520260130066,0.3672350958452714
80.44022011005504,1.6532847262598507
80.4752376188094,-1.3113029493520911
80.51025512756378,0.6551532835684208
80.54527263631816,-0.8194369091932366
80.58029014507254,2.2364882197357163
80.6153076538269,-0.5739521080912815
80.65032516258128,-5.58855488389825
80.68534267133566,-1.1326794025973463
80.72036018009004,-1.3430570604826642
80.75537768884442,3.3918098787469844
80.7903951975988,-2.156129289681736
80.82541270635318,1.5103767671691182
80.86043021510756,-2.774049416006206
80.89544772386193,-0.1362988377495656
80.93046523261631,-1.7331550303195724
80.96548274137069,-1.1815619690700323
81.00050025012507,-3.073344983876246
81.03551775887944,-1.0788595643746055
81.07053526763382,2.681312649477284
81.1055527763882,0.6528367616728464
81.14057028514257,-0.023484899208986706
81.17558779389694,-1.7929726694561363
81.21060530265132,0.6806548762243309
81.2456228114057,2.3634797428875767
81.28064032016007,1.1474714363518912
81.31565782891445,1.007050579288929
81.35067533766883,-0.06106756269519988
81.38569284642321,-0.5355200455310171
81.42071035517759,-0.9860083111859642
81.45572786393197,2.4115265189996418
81.49074537268635,-1.6233067399372811
81.52576288144073,-1.1344689863359187
81.5607803901951,-0.5338400361235033
81.59579789894948,-1.049567848601462
81.63081540770385,-2.945246647590652
81.66583291645823,1.977795304588725
81.70085042521261,0.2395884106869979
81.73586793396699,0.10121668429947732
81.77088544272135,1.118277710247561
81.80590295147573,-2.76963617998662
81.84092046023011,-0.9053119368839979
81.87593796898449,-2.3333582330154887
81.91095547773887,3.1341280466160932
81.94597298649325,0.08946077067737541
81.98099049524762,-0.5140867443883544
82.016008004002,-4.24083108283978
82.05102551275638,1.3181045811525811
82.08604302151076,3.684411630795192
82.12106053026514,-0.005484562870758901
82.15607803901952,-1.6344890182148253
82.19109554777388,-0.9980303629511594
82.22611305652826,-1.1564827930622354
82.26113056528264,0.4232639726461343
82.29614807403702,1.1423261193924439
82.33116558279139,0.5183118851902223
82.36618309154576,2.2065998445153414
82.40120060030014,-4.3183780462673065
82.43621810905452,-3.0373933283783106
82.4712356178089,-3.2818566238940803
82.50625312656328,-3.619680355585997
82.54127063531766,0.24066187952332702
82.57628814407204,-1.1097300571730793
82.61130565282642,0.13773353967660557
82.6463231615808,-2.4744356296854626
82.68134067033517,-1.2650796866150784
82.71635817908955,2.1317738636480357
82.75137568784392,-2.4090660827261843
82.7863931965983,-2.1647675508264723
82.82141070535268,3.729688057205839
82.85642821410705,1.4485900658537625
82.89144572286143,-1.8886061489709094
82.9264632316158,-1.4283592852737932
82.96148074037018,-1.7481756017898151
82.99649824912456,-0.7959775017007643
83.03151575787894,0.36505871864873557
83.06653326663331,6.0799027743719005
83.1015507753877,-4.497301505249647
83.13656828414207,1.7913814246780628
83.17158579289645,-1.9015466594223862
83.20660330165083,-1.2684135683833055
83.24162081040521,0.7184230639530073
83.27663831915959,-2.9056603922379516
83.31165582791397,1.7296520123457177
83.34667333666833,0.7193665100940978
83.38169084542271,-1.113635794026915
83.41670835417709,1.2451901071450766
83.45172586293147,-2.6963494566560335
83.48674337168583,-0.8101597431588026
83.52176088044021,0.5332227996645156
83.55677838919459,0.9480768277250473
83.59179589794897,0.37667254606523615
83.62681340670335,3.957042725059098
83.66183091545773,-2.404987367704359
83.6968484242121,6.790280801778305
83.73186593296649,2.873999103981169
83.76688344172086,-0.4152951196194965
83.80190095047524,-3.4201973436111084
83.83691845922962,-3.1612718783567244
83.871935967984,0.8173870823901415
83.90695347673837,-0.49717875043228854
83.94197098549274,-2.227055032261378
83.97698849424712,-1.6614687570680566
84.0120060030015,3.315514598673715
84.04702351175588,0.5871422492157506
84.08204102051026,-1.2709520624706159
84.11705852926463,0.5138107135059699
84.152076038019,-1.745897591168615
84.18709354677338,-2.195927437070448
84.22211105552776,1.76581935726987
84.25712856428214,1.0613046468914653
84.29214607303652,-4.378217494595535
84.3271635817909,-0.8321913176967822
84.36218109054528,-0.11628232812105466
84.39719859929966,-1.6611372299104683
84.43221610805402,-0.7481711051000106
84.4672336168084,0.575290103547378
84.50225112556278,3.972846608182662
84.53726863431716,0.673113594440646
84.57228614307154,0.22049339868438833
84.60730365182592,2.0522287472980896
84.6423211605803,-0.3438429689495398
84.67733866933467,4.0287460208453805
84.71235617808904,-1.9896241231411078
84.74737368684342,-0.535828167583621
84.7823911955978,-0.5560454891654574
84.81740870435218,-2.2754976408966834
84.85242621310655,-3.40656036779285
84.88744372186093,-0.4569921223769623
84.92246123061531,-3.1124092609247125
84.95747873936969,-4.052600456868379
84.99249624812406,1.45205905336629
85.02751375687843,1.6832771642348228
85.06253126563281,-2.596750542434244
85.09754877438719,2.5744854609520433
85.13256628314157,-2.054296957778422
85.16758379189595,2.7284156153588683
85.20260130065033,0.7648066198024523
85.23761880940471,2.2322878520632674
85.27263631815907,0.9537180606880272
85.30765382691345,-1.0313584381500842
85.34267133566783,1.3129523173986442
85.37768884442221,-4.4180711590252315
85.41270635317659,-1.764329720758451
85.44772386193097,1.2958202987439909
85.48274137068535,-6.167929902682003
85.51775887943973,1.186626354784606
85.55277638819409,3.2515520967526763
85.58779389694847,0.627673032622985
85.62281140570285,2.695005893204535
85.65782891445723,-0.5009805343637721
85.6928464232116,2.9164855338336726
85.72786393196598,4.644543319460803
85.76288144072036,2.5587224499744963
85.79789894947474,2.288962252228467
85.83291645822912,1.234640471051821
85.86793396698349,2.7629722025068117
85.90295147573786,-0.8888125849466993
85.93796898449224,-1.678614120884464
85.97298649324662,-0.6261996614209555
86.008004002001,0.4084013658453665
86.04302151075538,-2.2147382105257494
86.07803901950976,0.7129043454047539
86.11305652826414,-2.2262780740674457
86.1480740370185,1.684367668415341
86.18309154577288,-0.33818454597896375
86.21810905452726,2.9375615873424787
86.25312656328164,-1.2017662803572058
86.28814407203602,1.2372630886142781
86.3231615807904,0.41764430500435795
86.35817908954478,-1.2185130822206258
86.39319659829916,-1.8036862848673425
86.42821410705352,-0.6052950444946108
86.4632316158079,0.22055341040981136
86.49824912456228,2.5841114827375335
86.53326663331666,-1.3582851776217864
86.56828414207104,2.928981264966221
86.60330165082541,1.332124299189067
86.6383191595798,1.0833158371194913
86.67333666833417,-3.192994226766294
86.70835417708854,-4.280040276435367
86.74337168584292,2.1144444093829127
86.7783891945973,-0.8059786226781072
86.81340670335167,1.2694580210578803
86.84842421210605,-1.8154560705387968
86.88344172086043,2.416932398200167
86.91845922961481,-1.8243838851198577
86.95347673836919,1.5103287381590067
86.98849424712355,-1.472528110728287
87.02351175587793,0.35921578196996523
87.05852926463231,-1.4138478777020778
87.09354677338669,-0.46147403133992043
87.12856428214107,1.8953629136236632
87.16358179089545,-1.6673910382816983
87.19859929964983,-0.8466530821616209
87.23361680840421,0.9052932352831092
87.26863431715859,-0.48878226991981155
87.30365182591295,-0.8068153056658472
87.33866933466733,-2.6843383223472057
87.37368684342171,-1.988240242119773
87.40870435217609,-2.504978425676238
87.44372186093047,-2.227569417767591
87.47873936968485,2.814822430401099
87.51375687843922,3.4273923908580657
87.5487743871936,3.5150445514805146
87.58379189594797,-2.846865153170867
87.61880940470235,1.6433309961821279
87.65382691345673,3.4687303846952093
87.6888444222111,4.1898668429850545
87.72386193096548,0.7207560099956463
87.75887943971986,1.9099911243621708
87.79389694847424,-0.7835876676026294
87.82891445722862,1.1149116872165556
87.86393196598299,-1.2480845104479001
87.89894947473736,0.689386927746976
87.93396698349174,1.3777221490550278
87.96898449224612,-3.875164967980052
88.0040020010005,-0.05556162100631846
88.03901950975488,1.2459509621436484
88.07403701850926,2.9471056499653643
88.10905452726364,-0.4899560640685886
88.144072036018,-0.06632480266393825
88.17908954477238,0.7418772024816154
88.21410705352676,1.7612732866499115
88.24912456228114,-0.05002181255970133
88.28414207103552,-2.410575760402276
88.3191595797899,2.613910406590075
88.35417708854428,2.439188314767813
88.38919459729865,-1.8044062373046725
88.42421210605302,2.405516804012124
88.4592296148074,-1.1259327562452455
88.49424712356178,2.4830485920892027
88.52926463231616,-0.8932165440682847
88.56428214107054,-0.4486823800102924
88.59929964982491,0.07585342888980807
88.6343171585793,-0.6188150132965465
88.66933466733367,-3.748770484839622
88.70435217608804,0.2844280873626633
88.73936968484242,1.2254670508668586
88.7743871935968,2.945935116105848
88.80940470235117,0.531026327892169
88.84442221110555,-1.1501293334313714
88.87943971985993,0.10002861913445862
88.91445722861431,0.3860784828946907
88.94947473736869,-1.501153702356354
88.98449224612307,0.5379592262741785
89.01950975487743,1.511335600934164
89.05452726363181,1.6669381251072126
89.08954477238619,3.402351844460405
89.12456228114057,-2.7569083627186473
89.15957978989495,-2.340739797642604
89.19459729864933,-0.44597891531208056
89.2296148074037,2.18025576996994
89.26463231615809,1.9496460997517693
89.29964982491245,0.4569452026932736
89.33466733366683,-0.5783347250648898
89.36968484242121,-0.4646314646412971
89.40470235117559,2.222473388092681
89.43971985992997,2.5169447022208957
89.47473736868434,3.1182083650318946
89.50975487743872,2.81705932803135
89.5447723861931,-2.411256508822073
89.57978989494747,1.553753652877096
89.61480740370185,-1.3590533956262376
89.64982491245622,0.33367925363198636
89.6848424212106,1.853897362050488
89.71985992996498,-0.9146301118473338
89.75487743871936,3.477948525229007
89.78989494747374,-1.1890498454473442
89.82491245622812,0.5535317119489552
89.85992996498248,1.4712822964369896
89.89494747373686,-1.1357524589675951
89.92996498249124,0.2415389049906156
89.96498249124562,1.4114372019545236
90.0,1.4946052237355554
